-- phpMyAdmin SQL Dump
-- version 4.1.12
-- http://www.phpmyadmin.net
--
-- Servidor: localhost
-- Tiempo de generación: 03-01-2015 a las 11:16:58
-- Versión del servidor: 5.6.16
-- Versión de PHP: 5.5.11

SET SQL_MODE = "NO_AUTO_VALUE_ON_ZERO";
SET time_zone = "+00:00";


/*!40101 SET @OLD_CHARACTER_SET_CLIENT=@@CHARACTER_SET_CLIENT */;
/*!40101 SET @OLD_CHARACTER_SET_RESULTS=@@CHARACTER_SET_RESULTS */;
/*!40101 SET @OLD_COLLATION_CONNECTION=@@COLLATION_CONNECTION */;
/*!40101 SET NAMES utf8 */;

--
-- Base de datos: `edetec`
--

-- --------------------------------------------------------

--
-- Estructura de tabla para la tabla `Comentarios`
--

CREATE TABLE IF NOT EXISTS `Comentarios` (
  `ID` int(11) NOT NULL AUTO_INCREMENT,
  `GrupoID` int(11) NOT NULL,
  `GrupoRes` int(11) DEFAULT NULL,
  `Respondido` bit(1) DEFAULT NULL,
  `Fecha` datetime DEFAULT NULL,
  `IP` int(11) DEFAULT NULL,
  `Usuario` int(11) DEFAULT NULL,
  `Contenido` int(11) DEFAULT NULL,
  `Baneado` bit(1) NOT NULL,
  `NombreUsuario` varchar(128) COLLATE utf8_unicode_ci DEFAULT NULL,
  PRIMARY KEY (`ID`),
  KEY `Usuario` (`Usuario`),
  KEY `Contenido` (`Contenido`)
) ENGINE=InnoDB  DEFAULT CHARSET=utf8 COLLATE=utf8_unicode_ci AUTO_INCREMENT=9 ;

--
-- Volcado de datos para la tabla `Comentarios`
--

INSERT INTO `Comentarios` (`ID`, `GrupoID`, `GrupoRes`, `Respondido`, `Fecha`, `IP`, `Usuario`, `Contenido`, `Baneado`, `NombreUsuario`) VALUES
(4, 41, NULL, b'1', '2015-01-03 06:35:19', NULL, NULL, 128, b'0', 'Hola'),
(5, 41, 4, b'1', '2015-01-03 06:40:24', NULL, NULL, 129, b'0', 'Pedro'),
(6, 41, 5, NULL, '2015-01-03 07:08:06', NULL, NULL, 130, b'0', 'Capo'),
(7, 41, NULL, NULL, '2015-01-03 07:21:58', NULL, NULL, 131, b'0', 'JJJJ'),
(8, 41, NULL, NULL, '2015-01-03 08:06:00', NULL, NULL, 132, b'0', 'El nuevo');

-- --------------------------------------------------------

--
-- Estructura de tabla para la tabla `Contenido`
--

CREATE TABLE IF NOT EXISTS `Contenido` (
  `ID` int(11) NOT NULL AUTO_INCREMENT,
  `Contenido` text COLLATE utf8_unicode_ci,
  `Lenguaje` int(11) DEFAULT NULL,
  PRIMARY KEY (`ID`),
  KEY `Lenguaje` (`Lenguaje`)
) ENGINE=InnoDB  DEFAULT CHARSET=utf8 COLLATE=utf8_unicode_ci AUTO_INCREMENT=157 ;

--
-- Volcado de datos para la tabla `Contenido`
--

INSERT INTO `Contenido` (`ID`, `Contenido`, `Lenguaje`) VALUES
(122, 'Hola', NULL),
(123, 'Drog&oacute;n', NULL),
(124, 'Ufa', NULL),
(125, 'Copada mari', NULL),
(126, 'Si no?', NULL),
(127, 'No.', NULL),
(128, 'Mundo\r\n', NULL),
(129, 'Drog&oacute;n!', NULL),
(130, 'Giles', NULL),
(131, 'Hola', NULL),
(132, 'Nuevo Comentario', NULL),
(133, 'Hola', NULL),
(134, 'Mundo', NULL),
(135, '', NULL),
(136, '', NULL),
(137, 'Hola', NULL),
(138, 'Mundo', NULL),
(139, 'Hola', NULL),
(140, 'Mundo', NULL),
(141, 'Hola', NULL),
(142, 'Mundo', NULL),
(143, 'Hola', NULL),
(144, 'Mundo', NULL),
(145, 'Que', NULL),
(146, 'Tal', NULL),
(147, 'Lorem ipsum dolor sit amet, consectetur adipiscing elit, sed do eiusmod tempor incididunt ut labore et dolore magna aliqua.', NULL),
(148, 'Lorem ipsum dolor sit amet, consectetur adipiscing elit, sed do eiusmod tempor incididunt ut labore et dolore magna aliqua. Ut enim ad minim veniam, quis nostrud exercitation ullamco laboris nisi ut aliquip ex ea commodo consequat. Duis aute irure dolor in reprehenderit in voluptate velit esse cillum dolore eu fugiat nulla pariatur. Excepteur sint occaecat cupidatat non proident, sunt in culpa qui officia deserunt mollit anim id est laborum', NULL),
(149, 'Sed ut perspiciatis unde omnis iste natus error sit voluptatem accusantium doloremque laudantium, totam rem aperiam, eaque ipsa quae ab illo inventore veritatis et quasi architecto beatae vitae dicta sunt explicabo.', NULL),
(150, 'Sed ut perspiciatis unde omnis iste natus error sit voluptatem accusantium doloremque laudantium, totam rem aperiam, eaque ipsa quae ab illo inventore veritatis et quasi architecto beatae vitae dicta sunt explicabo. Nemo enim ipsam voluptatem quia voluptas sit aspernatur aut odit aut fugit, sed quia consequuntur magni dolores eos qui ratione voluptatem sequi nesciunt. Neque porro quisquam est, qui dolorem ipsum quia dolor sit amet, consectetur, adipisci velit, sed quia non numquam eius modi tempora incidunt ut labore et dolore magnam aliquam quaerat voluptatem. Ut enim ad minima veniam, quis nostrum exercitationem ullam corporis suscipit laboriosam, nisi ut aliquid ex ea commodi consequatur? Quis autem vel eum iure reprehenderit qui in ea voluptate velit esse quam nihil molestiae consequatur, vel illum qui dolorem eum fugiat quo voluptas nulla pariatur?', NULL),
(151, 'At vero eos et accusamus et iusto odio dignissimos ducimus qui blanditiis praesentium voluptatum deleniti atque ', NULL),
(152, 'At vero eos et accusamus et iusto odio dignissimos ducimus qui blanditiis praesentium voluptatum deleniti atque corrupti quos dolores et quas molestias excepturi sint occaecati cupiditate non provident, similique sunt in culpa qui officia deserunt mollitia animi, id est laborum et dolorum fuga. Et harum quidem rerum facilis est et expedita distinctio. Nam libero tempore, cum soluta nobis est eligendi optio cumque nihil impedit quo minus id quod maxime placeat facere possimus, omnis voluptas assumenda est, omnis dolor repellendus. Temporibus autem quibusdam et aut officiis debitis aut rerum necessitatibus saepe eveniet ut et voluptates repudiandae sint et molestiae non recusandae. Itaque earum rerum hic tenetur a sapiente delectus, ut aut reiciendis voluptatibus maiores alias consequatur aut perferendis doloribus asperiores repellat', NULL),
(153, 'Sed ut perspiciatis unde omnis iste natus error sit voluptatem accusantium doloremque laudantium, totam rem aperiam, eaque ipsa quae ab illo inventore veritatis et quasi architecto beatae vitae dicta sunt explicabo.', NULL),
(154, 'Sed ut perspiciatis unde omnis iste natus error sit voluptatem accusantium doloremque laudantium, totam rem aperiam, eaque ipsa quae ab illo inventore veritatis et quasi architecto beatae vitae dicta sunt explicabo. Nemo enim ipsam voluptatem quia voluptas sit aspernatur aut odit aut fugit, sed quia consequuntur magni dolores eos qui ratione voluptatem sequi nesciunt. Neque porro quisquam est, qui dolorem ipsum quia dolor sit amet, consectetur, adipisci velit, sed quia non numquam eius modi tempora incidunt ut labore et dolore magnam aliquam quaerat voluptatem. Ut enim ad minima veniam, quis nostrum exercitationem ullam corporis suscipit laboriosam, nisi ut aliquid ex ea commodi consequatur? Quis autem vel eum iure reprehenderit qui in ea voluptate velit esse quam nihil molestiae consequatur, vel illum qui dolorem eum fugiat quo voluptas nulla pariatur?', NULL),
(155, 'Lorem ipsum dolor sit amet, consectetur adipiscing elit, sed do eiusmod tempor incididunt ut labore et dolore magna aliqua.', NULL),
(156, 'Lorem ipsum dolor sit amet, consectetur adipiscing elit, sed do eiusmod tempor incididunt ut labore et dolore magna aliqua. Ut enim ad minim veniam, quis nostrud exercitation ullamco laboris nisi ut aliquip ex ea commodo consequat. Duis aute irure dolor in reprehenderit in voluptate velit esse cillum dolore eu fugiat nulla pariatur. Excepteur sint occaecat cupidatat non proident, sunt in culpa qui officia deserunt mollit anim id est laborum', NULL);

-- --------------------------------------------------------

--
-- Estructura de tabla para la tabla `Imagenes`
--

CREATE TABLE IF NOT EXISTS `Imagenes` (
  `ID` int(11) NOT NULL AUTO_INCREMENT,
  `Url` varchar(512) COLLATE utf8_unicode_ci DEFAULT NULL,
  `Ancho` int(11) DEFAULT NULL,
  `Alto` int(11) DEFAULT NULL,
  `Alt` varchar(128) COLLATE utf8_unicode_ci DEFAULT NULL,
  `Titulo` varchar(128) COLLATE utf8_unicode_ci DEFAULT NULL,
  `Contenido` int(11) DEFAULT NULL,
  `Comentarios` int(11) DEFAULT NULL,
  `Lenguaje` int(11) DEFAULT NULL,
  PRIMARY KEY (`ID`),
  KEY `Contenido` (`Contenido`),
  KEY `Comentarios` (`Comentarios`),
  KEY `Lenguaje` (`Lenguaje`)
) ENGINE=InnoDB  DEFAULT CHARSET=utf8 COLLATE=utf8_unicode_ci AUTO_INCREMENT=47 ;

--
-- Volcado de datos para la tabla `Imagenes`
--

INSERT INTO `Imagenes` (`ID`, `Url`, `Ancho`, `Alto`, `Alt`, `Titulo`, `Contenido`, `Comentarios`, `Lenguaje`) VALUES
(41, 'http://localhost/Web/imgsEj/Mariposa-amarilla.jpg', NULL, NULL, 'Mariposa', 'Imagen 1', NULL, NULL, NULL),
(42, 'http://curiosidades.batanga.com/sites/curiosidades.batanga.com/files/imagecache/completa/como-se-forma-la-lluvia-2.jpg', NULL, NULL, 'Foto de lluvia', 'Lluvia', NULL, NULL, NULL),
(46, 'http://www.rodriguezpelaezcs.org/lluviaenventana.jpg', NULL, NULL, 'Otra Lluvia', 'Lluvia 2', NULL, NULL, NULL);

-- --------------------------------------------------------

--
-- Estructura de tabla para la tabla `Lenguajes`
--

CREATE TABLE IF NOT EXISTS `Lenguajes` (
  `ID` int(11) NOT NULL AUTO_INCREMENT,
  `Lenguaje` varchar(5) COLLATE utf8_unicode_ci DEFAULT NULL,
  PRIMARY KEY (`ID`)
) ENGINE=InnoDB DEFAULT CHARSET=utf8 COLLATE=utf8_unicode_ci AUTO_INCREMENT=1 ;

-- --------------------------------------------------------

--
-- Estructura de tabla para la tabla `Novedades`
--

CREATE TABLE IF NOT EXISTS `Novedades` (
  `ID` int(11) NOT NULL AUTO_INCREMENT,
  `Imagen` int(11) DEFAULT NULL,
  `Titulo` int(11) DEFAULT NULL,
  `Descripcion` int(11) DEFAULT NULL,
  `Fecha` date DEFAULT NULL,
  PRIMARY KEY (`ID`),
  KEY `Imagen` (`Imagen`),
  KEY `Titulo` (`Titulo`),
  KEY `Descripcion` (`Descripcion`)
) ENGINE=InnoDB  DEFAULT CHARSET=utf8 COLLATE=utf8_unicode_ci AUTO_INCREMENT=13 ;

--
-- Volcado de datos para la tabla `Novedades`
--

INSERT INTO `Novedades` (`ID`, `Imagen`, `Titulo`, `Descripcion`, `Fecha`) VALUES
(10, 46, 151, 152, '2015-01-03'),
(11, 42, 153, 154, '2015-01-03'),
(12, 41, 155, 156, '2015-01-03');

-- --------------------------------------------------------

--
-- Estructura de tabla para la tabla `Usuarios`
--

CREATE TABLE IF NOT EXISTS `Usuarios` (
  `ID` int(11) NOT NULL AUTO_INCREMENT,
  `Nombre` varchar(128) COLLATE utf8_unicode_ci DEFAULT NULL,
  `NombreUsuario` varchar(128) COLLATE utf8_unicode_ci DEFAULT NULL,
  `Contrasena` varchar(128) COLLATE utf8_unicode_ci DEFAULT NULL,
  `Email` varchar(128) COLLATE utf8_unicode_ci DEFAULT NULL,
  `Baneado` bit(1) NOT NULL,
  PRIMARY KEY (`ID`)
) ENGINE=InnoDB  DEFAULT CHARSET=utf8 COLLATE=utf8_unicode_ci AUTO_INCREMENT=2 ;

--
-- Volcado de datos para la tabla `Usuarios`
--

INSERT INTO `Usuarios` (`ID`, `Nombre`, `NombreUsuario`, `Contrasena`, `Email`, `Baneado`) VALUES
(1, 'Gonzalo García', 'snorkellingcactus', '38f448b51331bdedab93f9a15d2c1635eaf459a7 ', 'snorkellingcactus@gmail.com', b'0');

--
-- Restricciones para tablas volcadas
--

--
-- Filtros para la tabla `Comentarios`
--
ALTER TABLE `Comentarios`
  ADD CONSTRAINT `Comentarios_ibfk_1` FOREIGN KEY (`Usuario`) REFERENCES `Usuarios` (`ID`),
  ADD CONSTRAINT `Comentarios_ibfk_2` FOREIGN KEY (`Contenido`) REFERENCES `Contenido` (`ID`);

--
-- Filtros para la tabla `Contenido`
--
ALTER TABLE `Contenido`
  ADD CONSTRAINT `Contenido_ibfk_1` FOREIGN KEY (`Lenguaje`) REFERENCES `Lenguajes` (`ID`);

--
-- Filtros para la tabla `Imagenes`
--
ALTER TABLE `Imagenes`
  ADD CONSTRAINT `Imagenes_ibfk_1` FOREIGN KEY (`Contenido`) REFERENCES `Contenido` (`ID`),
  ADD CONSTRAINT `Imagenes_ibfk_2` FOREIGN KEY (`Comentarios`) REFERENCES `Comentarios` (`ID`),
  ADD CONSTRAINT `Imagenes_ibfk_3` FOREIGN KEY (`Lenguaje`) REFERENCES `Lenguajes` (`ID`);

--
-- Filtros para la tabla `Novedades`
--
ALTER TABLE `Novedades`
  ADD CONSTRAINT `Novedades_ibfk_1` FOREIGN KEY (`Imagen`) REFERENCES `Imagenes` (`ID`),
  ADD CONSTRAINT `Novedades_ibfk_2` FOREIGN KEY (`Titulo`) REFERENCES `Contenido` (`ID`),
  ADD CONSTRAINT `Novedades_ibfk_3` FOREIGN KEY (`Descripcion`) REFERENCES `Contenido` (`ID`);

/*!40101 SET CHARACTER_SET_CLIENT=@OLD_CHARACTER_SET_CLIENT */;
/*!40101 SET CHARACTER_SET_RESULTS=@OLD_CHARACTER_SET_RESULTS */;
/*!40101 SET COLLATION_CONNECTION=@OLD_COLLATION_CONNECTION */;
